{
  "hash": "a80aa753",
  "configHash": "82088354",
  "lockfileHash": "86311926",
  "browserHash": "32241243",
  "optimized": {
    "@angular/common": {
      "src": "../../../../../../node_modules/@angular/common/fesm2022/common.mjs",
      "file": "@angular_common.js",
      "fileHash": "ab2f83c9",
      "needsInterop": false
    },
    "@angular/common/http": {
      "src": "../../../../../../node_modules/@angular/common/fesm2022/http.mjs",
      "file": "@angular_common_http.js",
      "fileHash": "9c5c6e3f",
      "needsInterop": false
    },
    "@angular/core": {
      "src": "../../../../../../node_modules/@angular/core/fesm2022/core.mjs",
      "file": "@angular_core.js",
      "fileHash": "aa358c54",
      "needsInterop": false
    },
    "@angular/forms": {
      "src": "../../../../../../node_modules/@angular/forms/fesm2022/forms.mjs",
      "file": "@angular_forms.js",
      "fileHash": "7987a4b2",
      "needsInterop": false
    },
    "@angular/platform-browser": {
      "src": "../../../../../../node_modules/@angular/platform-browser/fesm2022/platform-browser.mjs",
      "file": "@angular_platform-browser.js",
      "fileHash": "3d65b362",
      "needsInterop": false
    },
    "@angular/platform-server": {
      "src": "../../../../../../node_modules/@angular/platform-server/fesm2022/platform-server.mjs",
      "file": "@angular_platform-server.js",
      "fileHash": "ca4ad949",
      "needsInterop": false
    },
    "@angular/router": {
      "src": "../../../../../../node_modules/@angular/router/fesm2022/router.mjs",
      "file": "@angular_router.js",
      "fileHash": "a3652ed4",
      "needsInterop": false
    }
  },
  "chunks": {
    "chunk-UN5MP5CG": {
      "file": "chunk-UN5MP5CG.js"
    },
    "chunk-JD5YZ4BN": {
      "file": "chunk-JD5YZ4BN.js"
    },
    "chunk-6K3IK2DV": {
      "file": "chunk-6K3IK2DV.js"
    },
    "chunk-TW4XVQZD": {
      "file": "chunk-TW4XVQZD.js"
    },
    "xhr2-ISERFGGE": {
      "file": "xhr2-ISERFGGE.js"
    },
    "chunk-NQ4HTGF6": {
      "file": "chunk-NQ4HTGF6.js"
    }
  }
}